listingID,SKU
J7uEvAgB,PCAM02B
jNFfitCp,PCAM06A
nHJY2j5K,PCAM06B
YGgWmwZU,PCAM06C
Eu49t7gP,PCAM06E
b7nXksJY,PCAM100B
y8HAy5pz,PCAM100C
7hc5Bnbf,PCAM100D
jRDWQSma,PCAM100F
ChBY3sbx,PCAM24A
CbvfPDvU,PCAM24B
s46b6gcs,PCAM35A
fwLnTHD2,PCAM36H
edh8uMeK,PCAM36K
pQVGzkbi,PCAM36N
3p5uLjAq,PCAM36O
NYLkxGgx,PCAM36P
YcBeTV2q,PCAM57B
WDDAweiZ,PCAM57C
DvmCv72d,PCAM83A
8LirC45q,PCAM83B
uFwtSFJf,PCAM83C
Xp5QAkwQ,PCAM83D
TtvA7GuC,PCAM84A
GJg52cPf,PCAM84B
NDxRTAqW,PCAM84D
kaM6VxAU,PCAM89A
Ew8FnhfG,PCAM89B
JcnwvWkn,PCAM89C
Z2Lxnqqj,PCAM89D
85PvKjmm,PCAM89E
vgfZpFfH,PCAM89H
nX9CVcNN,PCAM95A
tW3uKK2n,PCAM95B
qpiiBWVs,PCAM95C
YpMkb4PW,PCAM95D
ygP2vSmr,PCAM95E
gCKY2G83,PCAM95F
vpEYwqJP,PCAM95G
QAEagw6R,PCAM95H
Q7cn9rwe,PCAM95I
wHSDem5G,PCAM95J
RqLxUhen,PCAM95K
qYXKNEZn,PCAM95L
ZQ76TRKi,PCAM95M
ry3gzDsM,PCAM95N
VUVCUjWC,PCAM95O
n8S7bmrc,PCAM95P
N8tf5Tnw,PCAM95Q
4E7p29mj,PCAM95R
mynXGgMd,PCAM95S
VWwDVuTA,PCAM95T
9rHungKs,PCAM99A
VE3wCc5w,PCAM99B
5PT2Kv7X,PCAM99C
Wy7bPhhh,PCAM99D
QK9sKwQP,PCAM99E
zbrWzt6J,PCAM99G
pFMpqHZG,PCAM99H
mFZuQb7F,PCAM99I
kSUcBDzG,PCAM99J
hXd4jjug,PCGS-MF-01
P2NwwdMJ,PCGS-MF-02
C6z2hhXK,PCGS-PL-01
fEXaLBfa,PCGS-PL-02
Ncd9VeQC,PCGS-PL-03
NyFvpVis,PCGS-PL-04
yTHC6Sgn,PCJM27-7
Q6LTqTXh,PCJN21-4
4UXp2suk,PCJN24-1
gHDKyLQq,PCJN24-3
ATAjapA4,PCJN24-4
mvTDdEEX,PCJN24-5
JchKdEJS,PCJN25-1
wqLkzZDJ,PCJN25-2
iF8j8nQx,PCJN25-3
wzf7atSe,PCJN25-4
GFpfysSh,PCJN36-1
6J9fDmSp,PCJN36-2
QzWRg7PW,PCJN36-3
C3bHCSkJ,PCJN36-4
b2KBnuvZ,PCJN36-5
REDHqgxH,PCJN42-3
aP4fgqET,PCJN42-4
6TAQ2UiZ,PCJN45-1
z9NqHNgk,PCJN45-2
TQwPU2ae,PCJN45-3
yAu7AAaA,PCJN46-1
CU239ZbW,PCJN46-2
NB9c6Ne2,PCJN46-3
NPFjy4Bz,PCJN46-4
6WeZumKT,PCJN47-2
YEvGyH4k,PCTP-AM1-03
zgig8eZw,PCTP-AM100-1
C4L3bfAf,PCTP-AM100-2
XjwkxLvJ,PCTP-AM100-3
pSs9gTss,PCTP-AM102-1
8HJi94pY,PCTP-AM102-10
LfxE7fqp,PCTP-AM102-2
zXLHBB9D,PCTP-AM102-3
XiFKfxSK,PCTP-AM102-4
CyMBgz8Q,PCTP-AM102-5
nGZPuLRR,PCTP-AM102-6
ZJkDrnNw,PCTP-AM102-7
RshFVGVa,PCTP-AM102-8
DKhYzQ2s,PCTP-AM102-9
733JxjOu,PCTP-AM19A
mnuTvJcB,PCTP-AM41B
H6sLvJ6b,PCTP-AM41D
k6sPT4V9,PCTP-AM41E
fC467hxc,PCTP-AM41F
Av9FX5f4,PCTP-AM41H
zbMdeimq,PCTP-AM44A
3tU4CN5a,PCTP-AM44A1
rWykgiWY,PCTP-AM44B1
4GfTUgMa,PCTP-AM64C
PGaYgJYJ,PCTP-AM68A
yz3CPL8R,PCTP-AM68B
tXEA4SCx,PCTP-AM83B
IDYzz8fe,PCTP-AM83C
37XG3PfP,PCTP-AM83D
5nRIPe2b,PCTP-AM84A
YcCdj385,PCTP-AM84D
bre7NZJr,PCTP-AM89C
fjZwLbVc,PCTP-AM89D
cVhWVyRU,PCTP-AM89E
gKBDAwqS,PCTP-AM89F
J4rbCsCC,PCTP-AM89H
h3QAfhPj,PCTP-CAS02
DwCD8fg3,PCTP-JN06-2
68qMkhbT,PCTP-JN06-7
9buZb3d3,PCTP-JN07-3
UMmJMei2,PCTP-JN07-4
KXSyv4g5,PCTP-JN07-6
au6raAwb,PCTP-JN08-1
9462EtKk,PCTP-JN08-2
EQwBTgEP,PCTP-JN08-3
NeFTMajN,PCTP-JN08-4
fs2NECSP,PCTP-JN12-6
t3JXXEwb,PCTP-JN15-3
u9P7WBZa,PCTP-JN15-4
E3VddsJb,PCTP-JN16-2
dqezb5Ar,PCTP-JN17-2
6vR3E6u8,PCTP-JN17-4
5e8QyeRj,PCTP-JN21-1
RbBDURWk,PCTP-JN21-2
Cd8za64y,PCTP-JN21-3
mdB2pN5a,PCTP-JN21-4
kFQsGs6x,PCTP-JN21-5
RGU8FFsn,PCTP-JN23-1
eyZUdUdS,PCTP-JN23-3
dMWrRe9b,PCTP-JN23-4
eP9C8J65,PCTP-JN24-4
aAg5SNeK,PCTP-JN25-2
2ZgkGh37,PCTP-JN33-1
EzwwhnGB,PCTP-JN33-2
iF8stfpD,PCTP-JN33-4
Q3e3zr8y,PCTP-JN33-5
KphtPSyY,PCTP-JN33-7
VcA7HZ4w,PCTP-JN36-1
p7i95fmp,PCTP-JN36-2
bXESkLJU,PCTP-JN36-3
cy8XGQnY,PCTP-JN36-4
TjFgRzab,PCTP-JN36-5
vZ4ifHEP,PCTP-JN37-4
rDZsvXmd,PCTP-JN38-2
6LkajAyK,PCTP-JN39-2
T3gMVmR2,PCTP-JN39-3
jXCpAXsm,PCTP-JN39-4
utkJB4UA,PCTP-JN39-5
B36QRALN,PCTP-JN40-1
jTR7yH9Q,PCTP-JN40-3
kPGmUhht,PCTP-JN42-1
5NWGeHT8,PCTP-JN42-2
jWxYnYHS,PCTP-JN42-3
EhsYXNZQ,PCTP-JN42-4
X3FzPHRm,PCTP-JN42-7
PCVjrsQL,PCTP-JN45-1
Fe3K5S3h,PCTP-JN45-3
mPETjXDE,PCTP-JN46-1
GiWQQpWs,PCTP-JN46-2
Xy9VhSLi,PCTP-JN46-3
DiivqAkj,PCTP-JN46-4
XUm8hj6Q,PCTP-JN47-2
LMnnzfAx,PCTP-JN47-3
gJT7qDKd,PCTP-JN06-1
zrL4AvvD,PCTP-TC1-1
LJLE3Gqt,PCTP-TCD1
hbeQAfNY,PCTP-TCE2
dYo0AgZe,PCTP-AM18B
iJvvnOMi,PCTP-AM19E
QrL5oaH8,PCTP-AM18A
nhUW1Q9z,PCTP-AM19G
V1vNHYCR,PCTP-AM19D
qX5KdujF,PCTP-AM18F
U3EONF4q,PCTP-AM19F
gJ6HFhIr,PCTP-AM19C
475QFJMh,PCTP-AM18C
UALfrEaP,PCTP-AM18D
4YPR4gc9,PCTP-AM24F
V6DYXxbX,PCTP-AM24B
hDQaIbVY,PCTP-AM34C
A9hqeufw,PCTP-AM34B
YnIJxFo7,PCTP-AM36H
gZKkppCL,PCTP-AM36K
AReMH0VN,PCTP-AM10E
uoIhQvo0,PCTP-AM10C
TzrA0aQH,PCTP-AM11E
rbndSMYu,PCTP-AM11B
EVsKfp7o,PCTP-AM11A
Wz2s4L9e,PCTP-AM11C
wPqvXQ8J,PCTP-AM11H
gZ57AwSr,PCTP-FR-01
HdnMvM6V,PCTP-FR-02
zWi8uXCh,PCTP-FR-03
huddHpQh,PCTP-FR-04
6PBD9LpW,PCTP-FR-05
WscnSJ7m,PCTP-FR-06
bNARKjma,PCTP-FR-07
WHfrRxkP,PCTP-CM-01
