listingID,SKU
dqezb5Ar,PCTP-JN17-2
gJT7qDKd,PCTP-PCJN06-1
4GfTUgMa,PCTP-AM64C
yz3CPL8R,PCTP-AM68B
KphtPSyY,PCTP-JN33-7
cy8XGQnY,PCTP-JN36-4
kFQsGs6x,PCTP-JN21-5
EzwwhnGB,PCTP-JN33-2
p7i95fmp,PCTP-JN36-2
VcA7HZ4w,PCTP-JN36-1
bXESkLJU,PCTP-JN36-3
eP9C8J65,PCTP-JN24-4
iF8stfpD,PCTP-JN33-4
LMnnzfAx,PCTP-JN47-3
mdB2pN5a,PCTP-JN21-4
jTR7yH9Q,PCTP-JN40-3
B36QRALN,PCTP-JN40-1
zgig8eZw,PCTP-AM100-1
C4L3bfAf,PCTP-AM100-2
XjwkxLvJ,PCTP-AM100-3
rDZsvXmd,PCTP-JN38-2
5e8QyeRj,PCTP-JN21-1
Cd8za64y,PCTP-JN21-3
RbBDURWk,PCTP-JN21-2
YEvGyH4k,PCTP-AM1-03
PGaYgJYJ,PCTP-AM68A
tXEA4SCx,PCTP-AM83B
IDYzz8fe,PCTP-AM83C
37XG3PfP,PCTP-AM83D
5nRIPe2b,PCTP-AM84A
YcCdj385,PCTP-AM84D
hbeQAfNY,PCTP-TCE2
DwCD8fg3,PCTP-JN06-2
68qMkhbT,PCTP-JN06-7
9buZb3d3,PCTP-JN07-3
UMmJMei2,PCTP-JN07-4
KXSyv4g5,PCTP-JN07-6
9462EtKk,PCTP-JN08-2
EQwBTgEP,PCTP-JN08-3
NeFTMajN,PCTP-JN08-4
fs2NECSP,PCTP-JN12-6
u9P7WBZa,PCTP-JN15-4
E3VddsJb,PCTP-JN16-2
XjwkxLvJ,PCTP-AM100-3
6vR3E6u8,PCTP-JN17-4
RbBDURWk,PCTP-JN21-2
RGU8FFsn,PCTP-JN23-1
eyZUdUdS,PCTP-JN23-3
dMWrRe9b,PCTP-JN23-4
aAg5SNeK,PCTP-JN25-2
2ZgkGh37,PCTP-JN33-1
Q3e3zr8y,PCTP-JN33-5
TjFgRzab,PCTP-JN36-5
vZ4ifHEP,PCTP-JN37-4
6LkajAyK,PCTP-JN39-2
T3gMVmR2,PCTP-JN39-3
jXCpAXsm,PCTP-JN39-4
utkJB4UA,PCTP-JN39-5
kPGmUhht,PCTP-JN42-1
5NWGeHT8,PCTP-JN42-2
EhsYXNZQ,PCTP-JN42-4
X3FzPHRm,PCTP-JN42-7
PCVjrsQL,PCTP-JN45-1
Fe3K5S3h,PCTP-JN45-3
mPETjXDE,PCTP-JN46-1
GiWQQpWs,PCTP-JN46-2
Xy9VhSLi,PCTP-JN46-3
DiivqAkj,PCTP-JN46-4
XUm8hj6Q,PCTP-JN47-2
h3QAfhPj,PCTP-CAS02
gZKkppCL,PCTP-AM36K
AReMH0VN,PCTP-AM10E
uoIhQvo0,PCTP-AM10C
TzrA0aQH,PCTP-AM11E
rbndSMYu,PCTP-AM11B
EVsKfp7o,PCTP-AM11A
Wz2s4L9e,PCTP-AM11C
wPqvXQ8J,PCTP-AM11H
Av9FX5f4,PCTP-AM41H
H6sLvJ6b,PCTP-AM41D
k6sPT4V9,PCTP-AM41E
fC467hxc,PCTP-AM41F
mnuTvJcB,PCTP-AM41B
bre7NZJr,PCTP-AM89C
J4rbCsCC,PCTP-AM89H
cVhWVyRU,PCTP-AM89E
gKBDAwqS,PCTP-AM89F
fjZwLbVc,PCTP-AM89D
